﻿course code , course name,credit hours
Math1781,Mathematics,12
Math2781,Mathematics,15
Math161,Mathematics,12
DBD261,Database Management,16
LPR1781,Linear Programing,16
LPR2781,Linear Programing,10
DBD161,Database Management,8
DBD1781,Database Management,13
DBD2781,Database Management,18
Stats1781,Statistics,11
stats2781,Statistics,10
Stats3781,Statistics,15
STATS161,Statistics,8
PRG1781,Programing,8
PRG2781,Programing,10
PRG3781,Programing,14
PRG261,Programing,16
DWH281,Data warehousing,15
DWH381,Data warehousing,13
SAD281,Software analysis and design,16
SAD381,Software analysis and design,15
MLG281,Machine Learning,9
MLG381,Machine Learning,11
