﻿Student ID,First Name,Last Name,Gender,Home City,Academic Program,Phone nr,Email Adress,,Type High School Attended
219365,Emily,Chen,Female,Johannesburg,BCom,27838749867,chen@gmail.com,,Public
734129,Isaac,Cambell,Male,Cape Town,DIT,27838765467,cambell@gmail.com,,Private
572891,Grace,Lee,Female,Johannesburg,BIT,27838749678,lee@gmail.com,,Private
981245,Jack,Martinez,Male,Pretoria,BCom,27838749867,martinez@gmail.com,,Public
420076,Sophia,Rodriguez,Female,Johannesburg,BCom,27838767543,rodriguez@gmail.com,,Public
845612,William,Johnson,Female,Pretoria,DIT,27838749867,johnson@gmail.com,,Private
307897,Ava,Phillips,Female,Cape Town,BIT,27838749867,phillips@gmail.com,,Private
672342,Benjamin,Jackson,Male,Pretoria,BCom,27664587386,jackson@gmail.com,,Public
150943,Olivia,Taylor,Female,Cape Town,BIT,27838749867,taylor@gmail.com,,Public
583216,Alexander,Davis,Female,Pretoria,DIT,27838785721,davis@gmail.com,,Private
891564,Mia,Brown,Female,Johannesburg,BIT,27838749867,wilson@gmail.com,,Private
415603,Ethan,Wilson,Male,Pretoria,BCom,27838749867,wilson@gmail.com,,Public
726849,Isabella,Harris,Female,Johannesburg,DIT,27896537285,anderson@gmail.com,,Private
389712,Noah,Anderson,Male,Johannesburg,BCom,27838749867,harris@gmail.com,,Private
967431,Emma,Lewis,Female,Pretoria,BIT,27654749867,lewis@gmail.com,,Private
241078,Jameson,Scott,Male,Pretoria,BCom,27838749867,scott@gmail.com,,Private
506934,Charlotte,Turner,Female,Cape Town,DIT,27838749867,turner@gmail.com,,Private
874302,Jacob,Allen,Male,Cape Town,DIT,27678749867,allen@gmail.com,,Private
139587,Madison,Young,Female,Pretoria,BIT,27815449867,young@gmail.com,,Private
695231,Logan,Wright,Male,Johannesburg,BCom,27838749867,wright@gmail.com,,Private
258976,Samuel,Foster,Male,Pretoria,BCom,27838776167,foster@gmail.com,,Public
630214,Amelia,King,Female,Pretoria,BIT,27835549867,king@gmail.com,,Public
197643,Lily,Dell,Female,Johannesburg,DIT,27689843175,dell@gmail.com,,Private
983472,Lucas,Reed,Male,Cape Town,BCom,27718954376,reed@gmail.com,,Public
562109,Harper,Parker,Female,Pretoria,DIT,27838745432,parker@gmail.com,,Public
