Student ID,First Name,Last Name,Phone nr,Email Adress
219365,Emily,Chen,27838749867,chen@gmail.com
734129,Isaac,Cambell,27838765467,cambell@gmail.com
572891,Grace,Lee,27838749678,lee@gmail.com
981245,Jack,Martinez,27838749867,martinez@gmail.com
420076,Sophia,Rodriguez,27838767543,rodriguez@gmail.com
845612,William,Johnson,27838749867,johnson@gmail.com
307897,Ava,Phillips,27838749867,phillips@gmail.com
672342,Benjamin,Jackson,27664587386,jackson@gmail.com
150943,Olivia,Taylor,27838749867,taylor@gmail.com
583216,Alexander,Davis,27838785721,davis@gmail.com
891564,Mia,Brown,27838749867,wilson@gmail.com
415603,Ethan,Wilson,27838749867,wilson@gmail.com
726849,Isabella,Harris,27896537285,anderson@gmail.com
389712,Noah,Anderson,27838749867,harris@gmail.com
967431,Emma,Lewis,27654749867,lewis@gmail.com
241078,Jameson,Scott,27838749867,scott@gmail.com
506934,Charlotte,Turner,27838749867,turner@gmail.com
874302,Jacob,Allen,27678749867,allen@gmail.com
139587,Madison,Young,27815449867,young@gmail.com
695231,Logan,Wright,27838749867,wright@gmail.com
258976,Samuel,Foster,27838776167,foster@gmail.com
630214,Amelia,King,27835549867,king@gmail.com
197643,Lily,Dell,27689843175,dell@gmail.com
983472,Lucas,Reed,27718954376,reed@gmail.com
562109,Harper,Parker,27838745432,parker@gmail.com
