1,Harry Potter and the Philosopher's Stone,1,Bloomsbury,1997-06-26,9.99,100
2,A Game of Thrones,2,Bantam Spectra,1996-08-06,8.99,75
3,Twilight,3,Little, Brown and Company,2005-10-05,10.99,50
4,The Da Vinci Code,4,Doubleday,2003-03-18,12.99,25
5,A Time to Kill,5,Doubleday,1989-06-01,7.99,60
6,Kiss the Girls,6,Grand Central Publishing,1995-10-01,9.99,40
7,Jurassic Park,7,Alfred A. Knopf,1990-11-20,11.99,30
8,Carrion Comfort,8,Warner Books,1989-02-01,6.99,20
9,Foundation,9,Gnome Press,1951-05-01,8.99,15
10,2001: A Space Odyssey,10,New American Library,1968-06-01,9.99,10
11,Murder on the Orient Express,11,Collins Crime Club,1934-01-01,5.99,55
12,Me Before You,12,Penguin Books,2012-01-05,7.99,65
13,The Alchemist,13,HarperCollins,1988-01-01,6.99,70
14,Go Tell It on the Mountain,14,Knopf,1953-01-01,5.99,35
15,Kafka on the Shore,15,Harvill Secker,2002-01-01,8.99,25
16,Things Fall Apart,16,Heinemann,1958-01-01,7.99,60
17,Dear Life,17,McClelland & Stewart,2012-01-01,10.99,30
18,The Handmaid's Tale,18