"1001,John Doe,123 Main St New York NY 10001 USA,johndoe@gmail.com"
"1002,Jane Smith,456 Oak St San Francisco CA 94102 USA,janesmith@gmail.com"
"1003,James Brown,789 Maple St Chicago IL 60601 USA,jamesbrown@gmail.com"
"1004,Lisa Jackson,321 Elm St Houston TX 77002 USA,lisajackson@gmail.com"
"1005,David Nguyen,987 Pine St Miami FL 33101 USA,davidnguyen@gmail.com"
"1006,Sarah Lee,654 Birch St Los Angeles CA 90001 USA,sarahlee@gmail.com"
"1007,Michael Johnson,321 Cedar St Boston MA 02101 USA,michaeljohnson@gmail.com"
"1008,Emily Garcia,654 Oak St Atlanta GA 30301 USA,emilygarcia@gmail.com"
"1009,Robert Hernandez,987 Maple St Dallas TX 75201 USA,roberthernandez@gmail.com"
"10010,Amy Lee,123 Pine St Seattle WA 98101 USA,amylee@gmail.com"
"10011,Chris Kim,456 Cedar St San Francisco CA 94102 USA,chriskim@gmail.com"
"10012,Michelle Li,789 Elm St Chicago IL 60601,USAmichelleli@gmail.com"
"10013,Joshua Smith,321 Birch St Houston TX 77002 USA,joshuasmith@gmail.com"
"10014,Stephanie Johnson,987 Cedar St Miami FL 33101,USAstephaniejohnson@gmail.com"
"10015,Jonathan Garcia,654 Oak St Los Angeles CA 90001 USA,jonathangarcia@gmail.com"
"10016,Lauren Davis,321 Maple St Boston MA 02101 USA,laurendavis@gmail.com"
"10017,Brian Lee,654 Cedar St Atlanta GA 30301 USA,brianlee@gmail.com"
"10018,Ashley Johnson,987 Oak St Dallas TX 75201 USA,ashleyjohnson@gmail.com"
"10019,Kevin Kim,123 Elm St Seattle WA 98101 USA,kevinkim@gmail.com"
"10020,Megan Li,Chris Kim,456 Cedar St San Francisco CA 94102 USA,meganli@gmail.com"
